<?xml version="1.0" encoding="UTF-8"?>
<!-- IMPORTANT: This is an internal file that has been generated
     by the Xilinx ISE software.  Any direct editing or
     changes made to this file may result in unpredictable
     behavior or data corruption.  It is strongly advised that
     users do not edit the contents of this file. -->
<DeviceUsageSummary rev="4">
<DesignStatistics TimeStamp="Sun Oct 29 02:44:30 2023"><group name="NetStatistics">
<item name="NumNets_Active" rev="4">
<attrib name="value" value="111"/></item>
<item name="NumNets_Gnd" rev="4">
<attrib name="value" value="1"/></item>
<item name="NumNets_Vcc" rev="4">
<attrib name="value" value="1"/></item>
<item name="NumNodesOfType_Active_BRAMDUMMY" rev="4">
<attrib name="value" value="17"/></item>
<item name="NumNodesOfType_Active_CLKPIN" rev="4">
<attrib name="value" value="36"/></item>
<item name="NumNodesOfType_Active_CNTRLPIN" rev="4">
<attrib name="value" value="31"/></item>
<item name="NumNodesOfType_Active_DOUBLE" rev="4">
<attrib name="value" value="210"/></item>
<item name="NumNodesOfType_Active_DUMMY" rev="4">
<attrib name="value" value="253"/></item>
<item name="NumNodesOfType_Active_DUMMYBANK" rev="4">
<attrib name="value" value="4"/></item>
<item name="NumNodesOfType_Active_DUMMYESC" rev="4">
<attrib name="value" value="3"/></item>
<item name="NumNodesOfType_Active_GLOBAL" rev="4">
<attrib name="value" value="10"/></item>
<item name="NumNodesOfType_Active_HUNIHEX" rev="4">
<attrib name="value" value="13"/></item>
<item name="NumNodesOfType_Active_INPUT" rev="4">
<attrib name="value" value="301"/></item>
<item name="NumNodesOfType_Active_IOBOUTPUT" rev="4">
<attrib name="value" value="3"/></item>
<item name="NumNodesOfType_Active_OMUX" rev="4">
<attrib name="value" value="114"/></item>
<item name="NumNodesOfType_Active_OUTPUT" rev="4">
<attrib name="value" value="77"/></item>
<item name="NumNodesOfType_Active_PREBXBY" rev="4">
<attrib name="value" value="69"/></item>
<item name="NumNodesOfType_Active_VFULLHEX" rev="4">
<attrib name="value" value="12"/></item>
<item name="NumNodesOfType_Active_VUNIHEX" rev="4">
<attrib name="value" value="12"/></item>
<item name="NumNodesOfType_Gnd_BRAMADDR" rev="4">
<attrib name="value" value="17"/></item>
<item name="NumNodesOfType_Gnd_BRAMDUMMY" rev="4">
<attrib name="value" value="66"/></item>
<item name="NumNodesOfType_Gnd_DOUBLE" rev="4">
<attrib name="value" value="7"/></item>
<item name="NumNodesOfType_Gnd_DUMMYBANK" rev="4">
<attrib name="value" value="9"/></item>
<item name="NumNodesOfType_Gnd_INPUT" rev="4">
<attrib name="value" value="86"/></item>
<item name="NumNodesOfType_Gnd_OMUX" rev="4">
<attrib name="value" value="5"/></item>
<item name="NumNodesOfType_Gnd_OUTPUT" rev="4">
<attrib name="value" value="3"/></item>
<item name="NumNodesOfType_Gnd_VFULLHEX" rev="4">
<attrib name="value" value="1"/></item>
<item name="NumNodesOfType_Vcc_BRAMADDR" rev="4">
<attrib name="value" value="1"/></item>
<item name="NumNodesOfType_Vcc_BRAMDUMMY" rev="4">
<attrib name="value" value="3"/></item>
<item name="NumNodesOfType_Vcc_CNTRLPIN" rev="4">
<attrib name="value" value="1"/></item>
<item name="NumNodesOfType_Vcc_INPUT" rev="4">
<attrib name="value" value="4"/></item>
<item name="NumNodesOfType_Vcc_VCCOUT" rev="4">
<attrib name="value" value="3"/></item>
</group>
<group name="SiteStatistics">
<item name="IBUF-DIFFSI" rev="4">
<attrib name="value" value="1"/></item>
<item name="IOB-DIFFM" rev="4">
<attrib name="value" value="9"/></item>
<item name="IOB-DIFFS" rev="4">
<attrib name="value" value="10"/></item>
<item name="SLICEL-SLICEM" rev="4">
<attrib name="value" value="21"/></item>
</group>
<group name="MiscellaneousStatistics">
<item name="AGG_BONDED_IO" rev="3">
<attrib name="value" value="23"/></item>
<item name="AGG_IO" rev="3">
<attrib name="value" value="23"/></item>
<item name="AGG_SLICE" rev="3">
<attrib name="value" value="43"/></item>
<item name="NUM_4_INPUT_LUT" rev="3">
<attrib name="value" value="71"/></item>
<item name="NUM_BONDED_IBUF" rev="3">
<attrib name="value" value="3"/></item>
<item name="NUM_BONDED_IOB" rev="3">
<attrib name="value" value="20"/></item>
<item name="NUM_BUFGMUX" rev="3">
<attrib name="value" value="1"/></item>
<item name="NUM_RAMB16" rev="3">
<attrib name="value" value="1"/></item>
<item name="NUM_SLICEL" rev="3">
<attrib name="value" value="43"/></item>
<item name="NUM_SLICE_FF" rev="3">
<attrib name="value" value="41"/></item>
<item name="Xilinx Core blk_mem_gen_v6_3, Xilinx CORE Generator 13.4" rev="3">
<attrib name="value" value="1"/></item>
</group>
</DesignStatistics>
<DeviceUsage TimeStamp="Sun Oct 29 02:44:30 2023"><group name="SiteSummary">
<item name="BUFGMUX" rev="4">
<attrib name="total" value="1000000"/><attrib name="used" value="1"/></item>
<item name="BUFGMUX_GCLKMUX" rev="4">
<attrib name="total" value="1000000"/><attrib name="used" value="1"/></item>
<item name="BUFGMUX_GCLK_BUFFER" rev="4">
<attrib name="total" value="1000000"/><attrib name="used" value="1"/></item>
<item name="IBUF" rev="4">
<attrib name="total" value="1000000"/><attrib name="used" value="3"/></item>
<item name="IBUF_INBUF" rev="4">
<attrib name="total" value="1000000"/><attrib name="used" value="3"/></item>
<item name="IBUF_PAD" rev="4">
<attrib name="total" value="1000000"/><attrib name="used" value="3"/></item>
<item name="IOB" rev="4">
<attrib name="total" value="1000000"/><attrib name="used" value="20"/></item>
<item name="IOB_OUTBUF" rev="4">
<attrib name="total" value="1000000"/><attrib name="used" value="20"/></item>
<item name="IOB_PAD" rev="4">
<attrib name="total" value="1000000"/><attrib name="used" value="20"/></item>
<item name="RAMB16" rev="4">
<attrib name="total" value="1000000"/><attrib name="used" value="1"/></item>
<item name="RAMB16_RAMB16" rev="4">
<attrib name="total" value="1000000"/><attrib name="used" value="1"/></item>
<item name="RAMB16_RAMB16A" rev="4">
<attrib name="total" value="1000000"/><attrib name="used" value="1"/></item>
<item name="RAMB16_RAMB16B" rev="4">
<attrib name="total" value="1000000"/><attrib name="used" value="1"/></item>
<item name="SLICEL" rev="4">
<attrib name="total" value="1000000"/><attrib name="used" value="43"/></item>
<item name="SLICEL_F" rev="4">
<attrib name="total" value="1000000"/><attrib name="used" value="37"/></item>
<item name="SLICEL_F5MUX" rev="4">
<attrib name="total" value="1000000"/><attrib name="used" value="4"/></item>
<item name="SLICEL_FFX" rev="4">
<attrib name="total" value="1000000"/><attrib name="used" value="24"/></item>
<item name="SLICEL_FFY" rev="4">
<attrib name="total" value="1000000"/><attrib name="used" value="17"/></item>
<item name="SLICEL_G" rev="4">
<attrib name="total" value="1000000"/><attrib name="used" value="34"/></item>
</group>
</DeviceUsage>
<ReportConfigData TimeStamp="Sun Oct 29 02:44:30 2023"><group name="IBUF_PAD">
<item name="IOATTRBOX" rev="4">
<attrib name="LVCMOS25" value="3"/></item>
</group>
<group name="SLICEL">
<item name="BX" rev="4">
<attrib name="BX_INV" value="0"/><attrib name="BX" value="6"/></item>
<item name="BY" rev="4">
<attrib name="BY" value="8"/><attrib name="BY_INV" value="0"/></item>
<item name="CE" rev="4">
<attrib name="CE" value="24"/><attrib name="CE_INV" value="0"/></item>
<item name="CLK" rev="4">
<attrib name="CLK" value="34"/><attrib name="CLK_INV" value="0"/></item>
<item name="SR" rev="4">
<attrib name="SR" value="7"/><attrib name="SR_INV" value="0"/></item>
</group>
<group name="RAMB16">
<item name="CLKA" rev="4">
<attrib name="CLKA_INV" value="0"/><attrib name="CLKA" value="1"/></item>
<item name="CLKB" rev="4">
<attrib name="CLKB_INV" value="0"/><attrib name="CLKB" value="1"/></item>
<item name="ENA" rev="4">
<attrib name="ENA_INV" value="0"/><attrib name="ENA" value="1"/></item>
<item name="ENB" rev="4">
<attrib name="ENB_INV" value="0"/><attrib name="ENB" value="1"/></item>
<item name="SSRA" rev="4">
<attrib name="SSRA_INV" value="0"/><attrib name="SSRA" value="1"/></item>
<item name="SSRB" rev="4">
<attrib name="SSRB_INV" value="0"/><attrib name="SSRB" value="1"/></item>
<item name="WEA" rev="4">
<attrib name="WEA" value="1"/><attrib name="WEA_INV" value="0"/></item>
<item name="WEB" rev="4">
<attrib name="WEB" value="1"/><attrib name="WEB_INV" value="0"/></item>
</group>
<group name="IOB_OUTBUF">
<item name="IN" rev="4">
<attrib name="IN_INV" value="0"/><attrib name="IN" value="20"/></item>
</group>
<group name="RAMB16_RAMB16A">
<item name="CLKA" rev="4">
<attrib name="CLKA_INV" value="0"/><attrib name="CLKA" value="1"/></item>
<item name="ENA" rev="4">
<attrib name="ENA_INV" value="0"/><attrib name="ENA" value="1"/></item>
<item name="PORTA_ATTR" rev="4">
<attrib name="512X36" value="1"/></item>
<item name="SSRA" rev="4">
<attrib name="SSRA_INV" value="0"/><attrib name="SSRA" value="1"/></item>
<item name="WEA" rev="4">
<attrib name="WEA" value="1"/><attrib name="WEA_INV" value="0"/></item>
<item name="WRITEMODEA" rev="4">
<attrib name="WRITE_FIRST" value="1"/></item>
</group>
<group name="RAMB16_RAMB16B">
<item name="CLKB" rev="4">
<attrib name="CLKB_INV" value="0"/><attrib name="CLKB" value="1"/></item>
<item name="ENB" rev="4">
<attrib name="ENB_INV" value="0"/><attrib name="ENB" value="1"/></item>
<item name="PORTB_ATTR" rev="4">
<attrib name="512X36" value="1"/></item>
<item name="SSRB" rev="4">
<attrib name="SSRB_INV" value="0"/><attrib name="SSRB" value="1"/></item>
<item name="WEB" rev="4">
<attrib name="WEB" value="1"/><attrib name="WEB_INV" value="0"/></item>
<item name="WRITEMODEB" rev="4">
<attrib name="WRITE_FIRST" value="1"/></item>
</group>
<group name="SLICEL_FFX">
<item name="CE" rev="4">
<attrib name="CE" value="16"/><attrib name="CE_INV" value="0"/></item>
<item name="CK" rev="4">
<attrib name="CK" value="24"/><attrib name="CK_INV" value="0"/></item>
<item name="D" rev="4">
<attrib name="D" value="24"/><attrib name="D_INV" value="0"/></item>
<item name="FFX_INIT_ATTR" rev="4">
<attrib name="INIT0" value="22"/><attrib name="INIT1" value="2"/></item>
<item name="FFX_SR_ATTR" rev="4">
<attrib name="SRLOW" value="22"/><attrib name="SRHIGH" value="2"/></item>
<item name="LATCH_OR_FF" rev="4">
<attrib name="FF" value="24"/></item>
<item name="REV" rev="4">
<attrib name="REV_INV" value="0"/><attrib name="REV" value="1"/></item>
<item name="SR" rev="4">
<attrib name="SR" value="6"/><attrib name="SR_INV" value="0"/></item>
<item name="SYNC_ATTR" rev="4">
<attrib name="ASYNC" value="18"/><attrib name="SYNC" value="6"/></item>
</group>
<group name="SLICEL_FFY">
<item name="CE" rev="4">
<attrib name="CE" value="13"/><attrib name="CE_INV" value="0"/></item>
<item name="CK" rev="4">
<attrib name="CK" value="17"/><attrib name="CK_INV" value="0"/></item>
<item name="D" rev="4">
<attrib name="D" value="17"/><attrib name="D_INV" value="0"/></item>
<item name="FFY_INIT_ATTR" rev="4">
<attrib name="INIT0" value="17"/></item>
<item name="FFY_SR_ATTR" rev="4">
<attrib name="SRLOW" value="17"/></item>
<item name="LATCH_OR_FF" rev="4">
<attrib name="FF" value="17"/></item>
<item name="REV" rev="4">
<attrib name="REV_INV" value="0"/><attrib name="REV" value="1"/></item>
<item name="SR" rev="4">
<attrib name="SR" value="3"/><attrib name="SR_INV" value="0"/></item>
<item name="SYNC_ATTR" rev="4">
<attrib name="ASYNC" value="14"/><attrib name="SYNC" value="3"/></item>
</group>
<group name="BUFGMUX_GCLKMUX">
<item name="DISABLE_ATTR" rev="4">
<attrib name="LOW" value="1"/></item>
<item name="S" rev="4">
<attrib name="S_INV" value="1"/><attrib name="S" value="0"/></item>
</group>
<group name="SLICEL_F5MUX">
<item name="S0" rev="4">
<attrib name="S0" value="4"/><attrib name="S0_INV" value="0"/></item>
</group>
<group name="IOB_PAD">
<item name="DRIVEATTRBOX" rev="4">
<attrib name="12" value="20"/></item>
<item name="IOATTRBOX" rev="4">
<attrib name="LVCMOS25" value="20"/></item>
<item name="SLEW" rev="4">
<attrib name="SLOW" value="20"/></item>
</group>
<group name="IOB">
<item name="O1" rev="4">
<attrib name="O1_INV" value="0"/><attrib name="O1" value="20"/></item>
</group>
<group name="BUFGMUX">
<item name="S" rev="4">
<attrib name="S_INV" value="1"/><attrib name="S" value="0"/></item>
</group>
</ReportConfigData>
<ReportPinData TimeStamp="Sun Oct 29 02:44:30 2023"><group name="IBUF_PAD">
<item name="PAD" rev="4">
<attrib name="value" value="3"/></item>
</group>
<group name="IBUF_INBUF">
<item name="IN" rev="4">
<attrib name="value" value="3"/></item>
<item name="OUT" rev="4">
<attrib name="value" value="3"/></item>
</group>
<group name="BUFGMUX_GCLK_BUFFER">
<item name="IN" rev="4">
<attrib name="value" value="1"/></item>
<item name="OUT" rev="4">
<attrib name="value" value="1"/></item>
</group>
<group name="SLICEL">
<item name="BX" rev="4">
<attrib name="value" value="6"/></item>
<item name="BY" rev="4">
<attrib name="value" value="8"/></item>
<item name="CE" rev="4">
<attrib name="value" value="24"/></item>
<item name="CLK" rev="4">
<attrib name="value" value="34"/></item>
<item name="F1" rev="4">
<attrib name="value" value="37"/></item>
<item name="F2" rev="4">
<attrib name="value" value="37"/></item>
<item name="F3" rev="4">
<attrib name="value" value="33"/></item>
<item name="F4" rev="4">
<attrib name="value" value="23"/></item>
<item name="G1" rev="4">
<attrib name="value" value="34"/></item>
<item name="G2" rev="4">
<attrib name="value" value="34"/></item>
<item name="G3" rev="4">
<attrib name="value" value="30"/></item>
<item name="G4" rev="4">
<attrib name="value" value="24"/></item>
<item name="SR" rev="4">
<attrib name="value" value="7"/></item>
<item name="X" rev="4">
<attrib name="value" value="15"/></item>
<item name="XQ" rev="4">
<attrib name="value" value="24"/></item>
<item name="Y" rev="4">
<attrib name="value" value="20"/></item>
<item name="YQ" rev="4">
<attrib name="value" value="17"/></item>
</group>
<group name="RAMB16">
<item name="ADDRA10" rev="4">
<attrib name="value" value="1"/></item>
<item name="ADDRA11" rev="4">
<attrib name="value" value="1"/></item>
<item name="ADDRA12" rev="4">
<attrib name="value" value="1"/></item>
<item name="ADDRA13" rev="4">
<attrib name="value" value="1"/></item>
<item name="ADDRA5" rev="4">
<attrib name="value" value="1"/></item>
<item name="ADDRA6" rev="4">
<attrib name="value" value="1"/></item>
<item name="ADDRA7" rev="4">
<attrib name="value" value="1"/></item>
<item name="ADDRA8" rev="4">
<attrib name="value" value="1"/></item>
<item name="ADDRA9" rev="4">
<attrib name="value" value="1"/></item>
<item name="ADDRB10" rev="4">
<attrib name="value" value="1"/></item>
<item name="ADDRB11" rev="4">
<attrib name="value" value="1"/></item>
<item name="ADDRB12" rev="4">
<attrib name="value" value="1"/></item>
<item name="ADDRB13" rev="4">
<attrib name="value" value="1"/></item>
<item name="ADDRB5" rev="4">
<attrib name="value" value="1"/></item>
<item name="ADDRB6" rev="4">
<attrib name="value" value="1"/></item>
<item name="ADDRB7" rev="4">
<attrib name="value" value="1"/></item>
<item name="ADDRB8" rev="4">
<attrib name="value" value="1"/></item>
<item name="ADDRB9" rev="4">
<attrib name="value" value="1"/></item>
<item name="CLKA" rev="4">
<attrib name="value" value="1"/></item>
<item name="CLKB" rev="4">
<attrib name="value" value="1"/></item>
<item name="DIA0" rev="4">
<attrib name="value" value="1"/></item>
<item name="DIA1" rev="4">
<attrib name="value" value="1"/></item>
<item name="DIA10" rev="4">
<attrib name="value" value="1"/></item>
<item name="DIA11" rev="4">
<attrib name="value" value="1"/></item>
<item name="DIA12" rev="4">
<attrib name="value" value="1"/></item>
<item name="DIA13" rev="4">
<attrib name="value" value="1"/></item>
<item name="DIA14" rev="4">
<attrib name="value" value="1"/></item>
<item name="DIA15" rev="4">
<attrib name="value" value="1"/></item>
<item name="DIA16" rev="4">
<attrib name="value" value="1"/></item>
<item name="DIA17" rev="4">
<attrib name="value" value="1"/></item>
<item name="DIA18" rev="4">
<attrib name="value" value="1"/></item>
<item name="DIA19" rev="4">
<attrib name="value" value="1"/></item>
<item name="DIA2" rev="4">
<attrib name="value" value="1"/></item>
<item name="DIA20" rev="4">
<attrib name="value" value="1"/></item>
<item name="DIA21" rev="4">
<attrib name="value" value="1"/></item>
<item name="DIA22" rev="4">
<attrib name="value" value="1"/></item>
<item name="DIA23" rev="4">
<attrib name="value" value="1"/></item>
<item name="DIA24" rev="4">
<attrib name="value" value="1"/></item>
<item name="DIA25" rev="4">
<attrib name="value" value="1"/></item>
<item name="DIA26" rev="4">
<attrib name="value" value="1"/></item>
<item name="DIA27" rev="4">
<attrib name="value" value="1"/></item>
<item name="DIA28" rev="4">
<attrib name="value" value="1"/></item>
<item name="DIA29" rev="4">
<attrib name="value" value="1"/></item>
<item name="DIA3" rev="4">
<attrib name="value" value="1"/></item>
<item name="DIA30" rev="4">
<attrib name="value" value="1"/></item>
<item name="DIA31" rev="4">
<attrib name="value" value="1"/></item>
<item name="DIA4" rev="4">
<attrib name="value" value="1"/></item>
<item name="DIA5" rev="4">
<attrib name="value" value="1"/></item>
<item name="DIA6" rev="4">
<attrib name="value" value="1"/></item>
<item name="DIA7" rev="4">
<attrib name="value" value="1"/></item>
<item name="DIA8" rev="4">
<attrib name="value" value="1"/></item>
<item name="DIA9" rev="4">
<attrib name="value" value="1"/></item>
<item name="DIB0" rev="4">
<attrib name="value" value="1"/></item>
<item name="DIB1" rev="4">
<attrib name="value" value="1"/></item>
<item name="DIB10" rev="4">
<attrib name="value" value="1"/></item>
<item name="DIB11" rev="4">
<attrib name="value" value="1"/></item>
<item name="DIB12" rev="4">
<attrib name="value" value="1"/></item>
<item name="DIB13" rev="4">
<attrib name="value" value="1"/></item>
<item name="DIB14" rev="4">
<attrib name="value" value="1"/></item>
<item name="DIB15" rev="4">
<attrib name="value" value="1"/></item>
<item name="DIB16" rev="4">
<attrib name="value" value="1"/></item>
<item name="DIB17" rev="4">
<attrib name="value" value="1"/></item>
<item name="DIB18" rev="4">
<attrib name="value" value="1"/></item>
<item name="DIB19" rev="4">
<attrib name="value" value="1"/></item>
<item name="DIB2" rev="4">
<attrib name="value" value="1"/></item>
<item name="DIB20" rev="4">
<attrib name="value" value="1"/></item>
<item name="DIB21" rev="4">
<attrib name="value" value="1"/></item>
<item name="DIB22" rev="4">
<attrib name="value" value="1"/></item>
<item name="DIB23" rev="4">
<attrib name="value" value="1"/></item>
<item name="DIB24" rev="4">
<attrib name="value" value="1"/></item>
<item name="DIB25" rev="4">
<attrib name="value" value="1"/></item>
<item name="DIB26" rev="4">
<attrib name="value" value="1"/></item>
<item name="DIB27" rev="4">
<attrib name="value" value="1"/></item>
<item name="DIB28" rev="4">
<attrib name="value" value="1"/></item>
<item name="DIB29" rev="4">
<attrib name="value" value="1"/></item>
<item name="DIB3" rev="4">
<attrib name="value" value="1"/></item>
<item name="DIB30" rev="4">
<attrib name="value" value="1"/></item>
<item name="DIB31" rev="4">
<attrib name="value" value="1"/></item>
<item name="DIB4" rev="4">
<attrib name="value" value="1"/></item>
<item name="DIB5" rev="4">
<attrib name="value" value="1"/></item>
<item name="DIB6" rev="4">
<attrib name="value" value="1"/></item>
<item name="DIB7" rev="4">
<attrib name="value" value="1"/></item>
<item name="DIB8" rev="4">
<attrib name="value" value="1"/></item>
<item name="DIB9" rev="4">
<attrib name="value" value="1"/></item>
<item name="DIPA0" rev="4">
<attrib name="value" value="1"/></item>
<item name="DIPA1" rev="4">
<attrib name="value" value="1"/></item>
<item name="DIPA2" rev="4">
<attrib name="value" value="1"/></item>
<item name="DIPA3" rev="4">
<attrib name="value" value="1"/></item>
<item name="DIPB0" rev="4">
<attrib name="value" value="1"/></item>
<item name="DIPB1" rev="4">
<attrib name="value" value="1"/></item>
<item name="DIPB2" rev="4">
<attrib name="value" value="1"/></item>
<item name="DIPB3" rev="4">
<attrib name="value" value="1"/></item>
<item name="DOA0" rev="4">
<attrib name="value" value="1"/></item>
<item name="DOA16" rev="4">
<attrib name="value" value="1"/></item>
<item name="DOA24" rev="4">
<attrib name="value" value="1"/></item>
<item name="DOA8" rev="4">
<attrib name="value" value="1"/></item>
<item name="DOB0" rev="4">
<attrib name="value" value="1"/></item>
<item name="DOB16" rev="4">
<attrib name="value" value="1"/></item>
<item name="DOB24" rev="4">
<attrib name="value" value="1"/></item>
<item name="DOB8" rev="4">
<attrib name="value" value="1"/></item>
<item name="ENA" rev="4">
<attrib name="value" value="1"/></item>
<item name="ENB" rev="4">
<attrib name="value" value="1"/></item>
<item name="SSRA" rev="4">
<attrib name="value" value="1"/></item>
<item name="SSRB" rev="4">
<attrib name="value" value="1"/></item>
<item name="WEA" rev="4">
<attrib name="value" value="1"/></item>
<item name="WEB" rev="4">
<attrib name="value" value="1"/></item>
</group>
<group name="IOB_OUTBUF">
<item name="IN" rev="4">
<attrib name="value" value="20"/></item>
<item name="OUT" rev="4">
<attrib name="value" value="20"/></item>
</group>
<group name="RAMB16_RAMB16A">
<item name="ADDRA" rev="4">
<attrib name="value" value="1"/></item>
<item name="ADDRA10" rev="4">
<attrib name="value" value="1"/></item>
<item name="ADDRA11" rev="4">
<attrib name="value" value="1"/></item>
<item name="ADDRA12" rev="4">
<attrib name="value" value="1"/></item>
<item name="ADDRA13" rev="4">
<attrib name="value" value="1"/></item>
<item name="ADDRA5" rev="4">
<attrib name="value" value="1"/></item>
<item name="ADDRA6" rev="4">
<attrib name="value" value="1"/></item>
<item name="ADDRA7" rev="4">
<attrib name="value" value="1"/></item>
<item name="ADDRA8" rev="4">
<attrib name="value" value="1"/></item>
<item name="ADDRA9" rev="4">
<attrib name="value" value="1"/></item>
<item name="CLKA" rev="4">
<attrib name="value" value="1"/></item>
<item name="DIA" rev="4">
<attrib name="value" value="1"/></item>
<item name="DIA0" rev="4">
<attrib name="value" value="1"/></item>
<item name="DIA1" rev="4">
<attrib name="value" value="1"/></item>
<item name="DIA10" rev="4">
<attrib name="value" value="1"/></item>
<item name="DIA11" rev="4">
<attrib name="value" value="1"/></item>
<item name="DIA12" rev="4">
<attrib name="value" value="1"/></item>
<item name="DIA13" rev="4">
<attrib name="value" value="1"/></item>
<item name="DIA14" rev="4">
<attrib name="value" value="1"/></item>
<item name="DIA15" rev="4">
<attrib name="value" value="1"/></item>
<item name="DIA16" rev="4">
<attrib name="value" value="1"/></item>
<item name="DIA17" rev="4">
<attrib name="value" value="1"/></item>
<item name="DIA18" rev="4">
<attrib name="value" value="1"/></item>
<item name="DIA19" rev="4">
<attrib name="value" value="1"/></item>
<item name="DIA2" rev="4">
<attrib name="value" value="1"/></item>
<item name="DIA20" rev="4">
<attrib name="value" value="1"/></item>
<item name="DIA21" rev="4">
<attrib name="value" value="1"/></item>
<item name="DIA22" rev="4">
<attrib name="value" value="1"/></item>
<item name="DIA23" rev="4">
<attrib name="value" value="1"/></item>
<item name="DIA24" rev="4">
<attrib name="value" value="1"/></item>
<item name="DIA25" rev="4">
<attrib name="value" value="1"/></item>
<item name="DIA26" rev="4">
<attrib name="value" value="1"/></item>
<item name="DIA27" rev="4">
<attrib name="value" value="1"/></item>
<item name="DIA28" rev="4">
<attrib name="value" value="1"/></item>
<item name="DIA29" rev="4">
<attrib name="value" value="1"/></item>
<item name="DIA3" rev="4">
<attrib name="value" value="1"/></item>
<item name="DIA30" rev="4">
<attrib name="value" value="1"/></item>
<item name="DIA31" rev="4">
<attrib name="value" value="1"/></item>
<item name="DIA4" rev="4">
<attrib name="value" value="1"/></item>
<item name="DIA5" rev="4">
<attrib name="value" value="1"/></item>
<item name="DIA6" rev="4">
<attrib name="value" value="1"/></item>
<item name="DIA7" rev="4">
<attrib name="value" value="1"/></item>
<item name="DIA8" rev="4">
<attrib name="value" value="1"/></item>
<item name="DIA9" rev="4">
<attrib name="value" value="1"/></item>
<item name="DIPA0" rev="4">
<attrib name="value" value="1"/></item>
<item name="DIPA1" rev="4">
<attrib name="value" value="1"/></item>
<item name="DIPA2" rev="4">
<attrib name="value" value="1"/></item>
<item name="DIPA3" rev="4">
<attrib name="value" value="1"/></item>
<item name="DOA" rev="4">
<attrib name="value" value="1"/></item>
<item name="DOA0" rev="4">
<attrib name="value" value="1"/></item>
<item name="DOA16" rev="4">
<attrib name="value" value="1"/></item>
<item name="DOA24" rev="4">
<attrib name="value" value="1"/></item>
<item name="DOA8" rev="4">
<attrib name="value" value="1"/></item>
<item name="ENA" rev="4">
<attrib name="value" value="1"/></item>
<item name="SSRA" rev="4">
<attrib name="value" value="1"/></item>
<item name="WEA" rev="4">
<attrib name="value" value="1"/></item>
</group>
<group name="RAMB16_RAMB16B">
<item name="ADDRB" rev="4">
<attrib name="value" value="1"/></item>
<item name="ADDRB10" rev="4">
<attrib name="value" value="1"/></item>
<item name="ADDRB11" rev="4">
<attrib name="value" value="1"/></item>
<item name="ADDRB12" rev="4">
<attrib name="value" value="1"/></item>
<item name="ADDRB13" rev="4">
<attrib name="value" value="1"/></item>
<item name="ADDRB5" rev="4">
<attrib name="value" value="1"/></item>
<item name="ADDRB6" rev="4">
<attrib name="value" value="1"/></item>
<item name="ADDRB7" rev="4">
<attrib name="value" value="1"/></item>
<item name="ADDRB8" rev="4">
<attrib name="value" value="1"/></item>
<item name="ADDRB9" rev="4">
<attrib name="value" value="1"/></item>
<item name="CLKB" rev="4">
<attrib name="value" value="1"/></item>
<item name="DIB" rev="4">
<attrib name="value" value="1"/></item>
<item name="DIB0" rev="4">
<attrib name="value" value="1"/></item>
<item name="DIB1" rev="4">
<attrib name="value" value="1"/></item>
<item name="DIB10" rev="4">
<attrib name="value" value="1"/></item>
<item name="DIB11" rev="4">
<attrib name="value" value="1"/></item>
<item name="DIB12" rev="4">
<attrib name="value" value="1"/></item>
<item name="DIB13" rev="4">
<attrib name="value" value="1"/></item>
<item name="DIB14" rev="4">
<attrib name="value" value="1"/></item>
<item name="DIB15" rev="4">
<attrib name="value" value="1"/></item>
<item name="DIB16" rev="4">
<attrib name="value" value="1"/></item>
<item name="DIB17" rev="4">
<attrib name="value" value="1"/></item>
<item name="DIB18" rev="4">
<attrib name="value" value="1"/></item>
<item name="DIB19" rev="4">
<attrib name="value" value="1"/></item>
<item name="DIB2" rev="4">
<attrib name="value" value="1"/></item>
<item name="DIB20" rev="4">
<attrib name="value" value="1"/></item>
<item name="DIB21" rev="4">
<attrib name="value" value="1"/></item>
<item name="DIB22" rev="4">
<attrib name="value" value="1"/></item>
<item name="DIB23" rev="4">
<attrib name="value" value="1"/></item>
<item name="DIB24" rev="4">
<attrib name="value" value="1"/></item>
<item name="DIB25" rev="4">
<attrib name="value" value="1"/></item>
<item name="DIB26" rev="4">
<attrib name="value" value="1"/></item>
<item name="DIB27" rev="4">
<attrib name="value" value="1"/></item>
<item name="DIB28" rev="4">
<attrib name="value" value="1"/></item>
<item name="DIB29" rev="4">
<attrib name="value" value="1"/></item>
<item name="DIB3" rev="4">
<attrib name="value" value="1"/></item>
<item name="DIB30" rev="4">
<attrib name="value" value="1"/></item>
<item name="DIB31" rev="4">
<attrib name="value" value="1"/></item>
<item name="DIB4" rev="4">
<attrib name="value" value="1"/></item>
<item name="DIB5" rev="4">
<attrib name="value" value="1"/></item>
<item name="DIB6" rev="4">
<attrib name="value" value="1"/></item>
<item name="DIB7" rev="4">
<attrib name="value" value="1"/></item>
<item name="DIB8" rev="4">
<attrib name="value" value="1"/></item>
<item name="DIB9" rev="4">
<attrib name="value" value="1"/></item>
<item name="DIPB0" rev="4">
<attrib name="value" value="1"/></item>
<item name="DIPB1" rev="4">
<attrib name="value" value="1"/></item>
<item name="DIPB2" rev="4">
<attrib name="value" value="1"/></item>
<item name="DIPB3" rev="4">
<attrib name="value" value="1"/></item>
<item name="DOB" rev="4">
<attrib name="value" value="1"/></item>
<item name="DOB0" rev="4">
<attrib name="value" value="1"/></item>
<item name="DOB16" rev="4">
<attrib name="value" value="1"/></item>
<item name="DOB24" rev="4">
<attrib name="value" value="1"/></item>
<item name="DOB8" rev="4">
<attrib name="value" value="1"/></item>
<item name="ENB" rev="4">
<attrib name="value" value="1"/></item>
<item name="SSRB" rev="4">
<attrib name="value" value="1"/></item>
<item name="WEB" rev="4">
<attrib name="value" value="1"/></item>
</group>
<group name="IBUF">
<item name="I" rev="4">
<attrib name="value" value="3"/></item>
<item name="PAD" rev="4">
<attrib name="value" value="3"/></item>
</group>
<group name="SLICEL_FFX">
<item name="CE" rev="4">
<attrib name="value" value="16"/></item>
<item name="CK" rev="4">
<attrib name="value" value="24"/></item>
<item name="D" rev="4">
<attrib name="value" value="24"/></item>
<item name="Q" rev="4">
<attrib name="value" value="24"/></item>
<item name="REV" rev="4">
<attrib name="value" value="1"/></item>
<item name="SR" rev="4">
<attrib name="value" value="6"/></item>
</group>
<group name="SLICEL_FFY">
<item name="CE" rev="4">
<attrib name="value" value="13"/></item>
<item name="CK" rev="4">
<attrib name="value" value="17"/></item>
<item name="D" rev="4">
<attrib name="value" value="17"/></item>
<item name="Q" rev="4">
<attrib name="value" value="17"/></item>
<item name="REV" rev="4">
<attrib name="value" value="1"/></item>
<item name="SR" rev="4">
<attrib name="value" value="3"/></item>
</group>
<group name="BUFGMUX_GCLKMUX">
<item name="I0" rev="4">
<attrib name="value" value="1"/></item>
<item name="OUT" rev="4">
<attrib name="value" value="1"/></item>
<item name="S" rev="4">
<attrib name="value" value="1"/></item>
</group>
<group name="SLICEL_F5MUX">
<item name="F" rev="4">
<attrib name="value" value="4"/></item>
<item name="G" rev="4">
<attrib name="value" value="4"/></item>
<item name="OUT" rev="4">
<attrib name="value" value="4"/></item>
<item name="S0" rev="4">
<attrib name="value" value="4"/></item>
</group>
<group name="IOB_PAD">
<item name="PAD" rev="4">
<attrib name="value" value="20"/></item>
</group>
<group name="IOB">
<item name="O1" rev="4">
<attrib name="value" value="20"/></item>
<item name="PAD" rev="4">
<attrib name="value" value="20"/></item>
</group>
<group name="BUFGMUX">
<item name="I0" rev="4">
<attrib name="value" value="1"/></item>
<item name="O" rev="4">
<attrib name="value" value="1"/></item>
<item name="S" rev="4">
<attrib name="value" value="1"/></item>
</group>
<group name="SLICEL_F">
<item name="A1" rev="4">
<attrib name="value" value="37"/></item>
<item name="A2" rev="4">
<attrib name="value" value="37"/></item>
<item name="A3" rev="4">
<attrib name="value" value="33"/></item>
<item name="A4" rev="4">
<attrib name="value" value="23"/></item>
<item name="D" rev="4">
<attrib name="value" value="37"/></item>
</group>
<group name="SLICEL_G">
<item name="A1" rev="4">
<attrib name="value" value="34"/></item>
<item name="A2" rev="4">
<attrib name="value" value="34"/></item>
<item name="A3" rev="4">
<attrib name="value" value="30"/></item>
<item name="A4" rev="4">
<attrib name="value" value="24"/></item>
<item name="D" rev="4">
<attrib name="value" value="34"/></item>
</group>
<group name="RAMB16_RAMB16">
<item name="ADDRA" rev="4">
<attrib name="value" value="1"/></item>
<item name="ADDRB" rev="4">
<attrib name="value" value="1"/></item>
<item name="DIA" rev="4">
<attrib name="value" value="1"/></item>
<item name="DIB" rev="4">
<attrib name="value" value="1"/></item>
<item name="DOA" rev="4">
<attrib name="value" value="1"/></item>
<item name="DOB" rev="4">
<attrib name="value" value="1"/></item>
</group>
</ReportPinData>
<CmdHistory>
</CmdHistory>
</DeviceUsageSummary>
